"Timestamp","Πόσο χρονών είστε;","Ποιό από τα παρακάτω φαγητά καταναλώνετε περισσότερο;","Πόσες φορές την εβδομάδα επιλέγετε το παραπάνω φαγητό;","Γνωρίζετε πόσο CO2 παράγεται απο την παραγωγή μέχρι και την μεταφορά των τροφίμων που επιλέγετε και τις συνέπειες που προκαλούνται στο περιβάλλον;","Ποιό μέσο μεταφοράς χρησιμοποιείτε περισσότερο;","Πόσες ώρες κάθε μέρα χρησιμοποιέιτε το παραπάνω μέσο μεταφορας ;","Γνωρίζετε πόσο CO2 παράγεται απο το μέσο μεταφοράς που επιλέγετε και τις συνεπειες που προκαλούνται στο περιβάλλον;","Φοβάστε την επίπτωση της περιβαντολογικής μόλυνσης στην υγεία σας;","Έχετε προσπαθήσει ποτέ να μειώσετε τους ρύπους διοξειδίου του άνθρακα που παράγετε;","Αιτιολογήστε την παραπάνω απάντηση σας και αν ναι τι πράξεις έχετε κάνει;","Χρησιμοποιείτε εφαρμογές ""αυτοβελτίωσης""; (π.χ. για να σας παροτρύνουν να κάνετε γυμναστική ). Ναι και τι είδους; Όχι και γιατι;","Έχετε κατεβάσετε ποτέ μια σχετική εφαρμογή για το περιβάλλον;","Αιτιολογήστε την παραπάνω επιλογή σας. Αν έχετε κατεβάσει μια τέτοια εφαρμογή τι σας άρεσε και τι δεν σας άρεσε; Αν όχι για ποιό λόγο δεν έχετε κατεβάσει και τι θα θέλατε να έχει μια τέτοια εφαρμογή για να την κατεβάσετε;","Tι θεωρείτε οτι πρεπει να εχει μια τετοια εφαρμογη για να την κατεβάσετε;","Θεωρείτε οτι θα πρέπει να υπάρχει καποιου είδους επιβράβευση σε περίπτωση που κάποιος μειώνει τους ρύπους που παράγει και αν ναι τι είδους επιβράβευση;"
"2020/12/03 2:03:03 PM GMT+2","24+","Καφέ","5+","Ναι","Λεωφορείο","0-1 Ώρες","Nαι","Ναι αρκετά","Όχι αλλα θέλω να προσπαθήσω","Δεν έχω προσπαθήσει, αλλά θα ήθελα να προσπαθήσω να μειώσω την χρήση του λεωφορείου.","Ναι, έχω χρησιμοποιήσει εφαρμογές για γυμναστική.","Οχι αλλα θέλω","Μια τέτοια εφαρμογή θα ήθελα να περιλαμβάνει ειδοποιήσεις έτσι να με παρακινεί, ως χρήστη, να τη χρησιμοποιώ ενεργά.","Την πρόοδο σας σχετικα με τον αν έχετε μειώσει τους ρύπους σας ή οχι κατα την διάρκεια χρήσης της εφαρμογής","Θα ήταν καλή ιδέα να συγκεντρώνει πόντους ως επιβράβευση."
"2020/12/03 2:20:31 PM GMT+2","18+","Καφέ","5+","Όχι","Ποδήλατο","1-2 Ώρες","Nαι","Λίγο","Ναι προσπαθώ όσο μπορώ","Είναι σημαντικό να μην μολύνουμε την ατμόσφαιρα γιατί είναι ο αέρας που αναπνέουμε. Αποφευγω τη χρήση αυτοκινήτου για κοντινές αποστάσεις","Χρησιμοποιώ εφαρμογή με προγράμματα γυμναστικής στο σπίτι","Οχι και δεν θέλω","Δεν έχω κατεβάσει γιατί δεν το θεώρησα σημαντικό να κατεβάσω μια. Μια εφαρμογή που θα κατέβαζα θα μου πρότεινε φιλικότερες προς το περιβάλλον εναλλακτικές των καθημερινών μου συνηθειών, θα κατέγραφε τους ρύπους που παράγω και θα επιβραβευε την πρόοδο μου (σαν παιχνίδι)","Να ""ποστάρετε"" φωτογραφίες με κινήσεις που κάνετε για να μειώσετε το περιβάλλον","Θεωρώ πως θα έπρεπε να υπάρχει μια μικρή χρηματική επιβράβευση καθώς η μείωση των ρυπων συνήθως σημαίνει και μικρότερη κατανάλωση ενέργειας από τον ίδιο τον άνθρωπο η από τις βιομηχανίες και άρα οικονομικό κέρδος το οποίο θα πρέπει να μοιράζεται στα άτομα ανάλογα με την μείωση των ρυπων τους"
"2020/12/03 2:22:27 PM GMT+2","24+","Χοιρινό","3;4","Όχι","Αυτοκίνητο","0-1 Ώρες","Nαι","Ναι","Ναι προσπαθώ όσο μπορώ","Καταναλώνω λιγοτερο ρεύμα","οχι -  self motivated","Οχι αλλα θέλω","θα ηθελα να εχει την ποιοτητα αερα στην πολη μου , ποιοτητα νερου κλπ","Ειδήσεις σχετικά με το περιβάλλον","Χρηματα"
"2020/12/03 2:28:19 PM GMT+2","18+","Καφέ","5+","Όχι","Λεωφορείο","0-1 Ώρες","Nαι","Ναι","Ναι προσπαθώ όσο μπορώ","Χρησιμοποιώ ΜΜΜ ή πηγαινω με τα πόδια για μικρότερες αποστάσεις","Ναι γυμναστικής και διατροφής ","Ναι και την χρησιμοποιώ","Υπήρχε προγραμμα κινητρο κ ενημέρωση ","Την πρόοδο σας σχετικα με τον αν έχετε μειώσει τους ρύπους σας ή οχι κατα την διάρκεια χρήσης της εφαρμογής","Όχι θα πρεπει να αποτελεί για όλους μια συνήθεια "
"2020/12/03 2:30:16 PM GMT+2","24+","Χοιρινό","5+","Όχι","Αυτοκίνητο","1-2 Ώρες","Nαι","Λίγο","Όχι αλλα θέλω να προσπαθήσω","Χρησιμοποιώ όσο γίνεται λιγότερο το αυτοκίνητο μου. ","Δε χρησιμοποιώ γιατί με όσες έχω προσπαθήσει δεν κατάφεραν να με κερδίσουν.","Οχι αλλα θέλω","Δεν έχω κατεβάσει γιατί δεν γνωρίζω κάποια. Θα ήθελα να είναι απλή στην κατανόηση, να με προειδοποιεί σε περιπτώσεις που ξεφεύγει η ρύπανση σε μεγάλα επίπεδα και να μου προτείνει εναλλακτικούς τρόπους μετακίνησης  για τις διαδρομές που θέλω να πραγματοποιήσω","Την πρόοδο σας σχετικα με τον αν έχετε μειώσει τους ρύπους σας ή οχι κατα την διάρκεια χρήσης της εφαρμογής","Θα έδινε κάποιο έξτρα κίνητρο σε κάποιους αλλά η επιβράβευση θα είναι κοινή αν μπορέσει να βοηθήσει στη μείωση των ρύπων με τη σωστή χρήσης της. "
"2020/12/03 2:39:28 PM GMT+2","18+","Χοιρινό;Σοκολάτα;Καφέ","4","Όχι","Αυτοκίνητο","0-1 Ώρες","Οχι","Λίγο","Όχι αλλα θέλω να προσπαθήσω","Πετάω τα σκουπίδια στα ρέματα στο χωριό μου . Την πανέμορφη Αηδόνα","Η γυμναστική είναι για τους αδύναμους","Οχι αλλα θέλω","Για να κατεβάσω μια εφαρμογή σαν αυτή θα ήθελα να την έχει φτιάξει ο Βαγγέλης ο φουφικος","Την πρόοδο σας σχετικα με τον αν έχετε μειώσει τους ρύπους σας ή οχι κατα την διάρκεια χρήσης της εφαρμογής","Ο κοψιαλης κληρώνει αυτοκίνητο, θα ήθελα κάτι αντίστοιχο."
"2020/12/03 2:46:58 PM GMT+2","18+","Φρούτα ","5+","Όχι","Λεωφορείο","0-1 Ώρες","Οχι","Όχι","Όχι αλλα θέλω να προσπαθήσω","Θα ήθελα να ενημερωθώ, ώστε να αλλάξω τον τρόπο ζωής μου","Όχι γιατί κάνω μόνη μου ","Οχι και δεν θέλω","Δεν μου έχει κεντρίσει το ενδιαφέρον ","Τα παραπάνω ","Ναι, αλλά αυτό πρέπει να το σκεφτείς εσύ "
"2020/12/03 2:51:52 PM GMT+2","18+","Καφέ","5+","Όχι","Λεωφορείο","1-2 Ώρες","Οχι","Ναι","Ναι προσπαθώ όσο μπορώ","Είναι κάτι που έχω στο μυαλό μου . Όταν μπορώ να κάνω κάποια αλλαγή και να μειώσω τους ρύπους θα το κάνω.( Να πάρω ΜΜΜ αν μπορώ ή car pooling) όλα όμως στα πλαίσια που δεν θα χαλάσει το πρόγραμμα μου","Όχι δεν έχω ασχοληθεί και δεν έχω νιώσει την ανάγκη παρότρυνσης. Κάνω από μόνη μου.","Οχι αλλα θέλω","Θα ήθελα να έχει μικρούς και εύκολους στόχους στην αρχή, να μπορέσω να κάνω μικρά βήματα βελτίωσης της περιβαλλοντικής μου συμπεριφοράς. Και στην συνέχεια οι στόχοι να γίνονται δυσκολότεροι αλλά και πιο καθοριστικοί.
Θα ήθελα επίσης να έχει ενδιαφέρουσες πληροφορίες για να αποκτήσω περισσότερες γνώσεις πάνω στο θέμα.","Την πρόοδο σας σχετικα με τον αν έχετε μειώσει τους ρύπους σας ή οχι κατα την διάρκεια χρήσης της εφαρμογής","Όχι, ούτε οι περιβαλλοντικοι φόροι έχουν νόημα. Ενημέρωση χρειάζεται"
"2020/12/03 2:52:48 PM GMT+2","30+","Τυρί","5+","Όχι","Λεωφορείο","0-1 Ώρες","Οχι","Ναι","Όχι αλλα θέλω να προσπαθήσω","Δεν έχω μπει στη διαδικασία","Περπάτημα","Οχι αλλα θέλω","Δεν έχω βρεί κάποια","Ειδήσεις σχετικά με το περιβάλλον","Όχι απαραίτητα"
"2020/12/03 2:53:21 PM GMT+2","24+","Χοιρινό","4","Όχι","Αυτοκίνητο","0-1 Ώρες","Οχι","Λίγο","Οχι και δεν θελω να προσπαθησω","Δεν έχω κάποιο ενδιαφέρον","Ναι!Εφαρμογή για τρέξιμο","Οχι αλλα θέλω","Δεν έτυχε","Την πρόοδο σας σχετικα με τον αν έχετε μειώσει τους ρύπους σας ή οχι κατα την διάρκεια χρήσης της εφαρμογής","Οχι"
"2020/12/03 2:53:23 PM GMT+2","18+","Κοκορα κρασατο","4","Όχι","Αυτοκίνητο","0-1 Ώρες","Καταναλωνει νερο με οζον οποτε δεν ριπαινει","Και το 5G","Προσπαθησα να μην αναπνέω αλλα δενπηγε καλα","Με ειχε χωρισει η γκομενα και δεν αντεχα αλλο τουτο τον ματαιο κοσμο. Πηδιοταν με το πουλ μποι :(","Κυριως tandra","Οχι αλλα θέλω","Να μου λεει τι ωρα πεταν τα σκουπιδια τους τα μωρακια της γειτωνιας για να τα πετυχαινω","γυμνες ελενης μενεγακη","γυμνες ελενης μενεγακη"
"2020/12/03 2:59:53 PM GMT+2","30+","Καφέ","5+","Όχι","Λεωφορείο","0-1 Ώρες","Nαι","Ναι αρκετά","Όχι αλλα θέλω να προσπαθήσω","Δεν ξέρω τι ενέργειες πρέπει να ακολουθήσω σε ατομικό επίπεδο ωστόσο θα ήθελα να ενημερωθώ σχετικά με αυτό.","Όχι λόγω έλλειψης χρόνου","Οχι αλλα θέλω","Δεν γνωρίζω ότι υπάρχουν σχετικές εφαρμογές.","Να μπορείτε να συνδεθείτε με τους ""φίλους"" σας","Όχι απαραίτητα, διότι η επιβράβευση έρχεται μέσω την προσφοράς στο περιβάλλον άρα κατ επέκταση κ σε προσωπικό βιοτικό επίπεδο."
"2020/12/03 3:00:02 PM GMT+2","30+","Τυρί;Καφέ;Κοτόπουλο ","5+","Όχι","Μηχανή","0-1 Ώρες","Οχι","Ναι","Όχι αλλα θέλω να προσπαθήσω","Δεν έχω κάνει ","Κάνω τρέξιμο 4 φορές την βδομαδα, και χρησιμοποιώ κάποιες εφαρμογές με ασκήσεις στοωσπιτι","Οχι αλλα θέλω","Δεν ήξερα οτι υπάρχει ","Ειδήσεις σχετικά με το περιβάλλον","Ναι"
"2020/12/03 3:02:01 PM GMT+2","18+","Χοιρινό;Τυρί;Σοκολάτα","3","Όχι","Αυτοκίνητο","0-1 Ώρες","Nαι","Ναι αρκετά","Ναι προσπαθώ όσο μπορώ","Ανακύκλωση, μείωσης χρήσης αυτοκινήτου (έμφαση στο περπάτημα)","Όχι, δεν έχω χρειαστεί έως τώρα τέτοιες εφαρμογές για κίνητρα ","Οχι αλλα θέλω","Όχι δεν το έχω ψάξει ","Την πρόοδο σας σχετικα με τον αν έχετε μειώσει τους ρύπους σας ή οχι κατα την διάρκεια χρήσης της εφαρμογής","Όχι είναι χρέος "
"2020/12/03 3:08:47 PM GMT+2","18+","Τυρί;Σοκολάτα;Καφέ","5+","Όχι","Λεωφορείο;Αυτοκίνητο","0-1 Ώρες","Nαι","Ναι","Ναι προσπαθώ όσο μπορώ","Λιγότερη χρήση μέσων μεταφορας","Χρησιμοποιώ μόνο εφαρμογές γυμναστικης","Οχι αλλα θέλω","Δεν έχω κατεβάσει, η αληθεια είναι δνε το είχα σκεφτεί νωρίτερα ούτε έχω δει ποτέ κάποια σχετική με το περιβαλλον","Την πρόοδο σας σχετικα με τον αν έχετε μειώσει τους ρύπους σας ή οχι κατα την διάρκεια χρήσης της εφαρμογής","Θα μπορούσε να υπάρχει κάποια επιβράβευση. Μέσω της εφαρμογής ίσως κάποιο κουπόνι η κάποια έκπτωση κάπου. Γενικά δνε θεωρώ ότι χρειαζεται κάποια επιβραβευση γιατι δνε θα γίνει συνήθεια ετσι"
"2020/12/03 3:10:36 PM GMT+2","18+","Χοιρινό","3","Γνωρίζω μερικά πράγματα μόνο.","Αυτοκίνητο","1-2 Ώρες","Νομίζω και πάλι πως γνωρίζω μερικά πράγματα μόνο.","Λίγο","Όχι αλλα θέλω να προσπαθήσω","Θέλω πολύ να συμμετάσχω σε ομάδες δενδροφύτεψης και να ξεκινήσω εντατική ανακύκλωση. Ήδη άρχισα να μαζεύω καπάκια από μπουκάλια. Όταν ψωνίζω λαχανικά προσπαθώ να χρησιμοποιώ χάρτινες σακούλες.","Όχι, δεν βρήκα την ευκαιρία.","Οχι αλλα θέλω","Δεν ξέρω ακριβώς αν ένα app στο κινητό θα βοηθούσε ιδιαίτερα.","Παρακολούθηση των ρύπων σας","Σε ένα τόσο σοβαρό θέμα, δεν τίθεται ζήτημα επιβράβευσης."
"2020/12/03 3:11:25 PM GMT+2","40+","Τυρί;Καφέ","5+","Ναι","Λεωφορείο","0-1 Ώρες","Nαι","Ναι αρκετά","Ναι προσπαθώ όσο μπορώ","Αλλαγη ηλεκτρικων λαμπτηρων με λεντ, χρηση μετρο, χρηση υφασματινων πετσετων αντι για χαρτινων ","Οχι , δεν τις θεωρω αξιοπιστεςς","Οχι αλλα θέλω;Οχι και δεν θέλω","Δεν τις θεωρω αξιοπιστες","Παρακολούθηση των ρύπων σας","Μειωση τιμολογιων ηλεκτρικου ρευματοςς"
"2020/12/03 3:27:10 PM GMT+2","18+","Καφέ","4","Ναι","Λεωφορείο","0-1 Ώρες","Nαι","Ναι αρκετά","Ναι προσπαθώ όσο μπορώ","Χορτοφαγική διατροφή,όσο είναι δυνατόν αγορά τοπικών προϊόντων, περπάτημα και αποφυγή μέσων μεταφοράς, μποϊκοτάζ σε fast fashion εταιρίες ","Pinterest μόνο για έμπνευση και ιδέες","Οχι αλλα θέλω","Δε γνωρίζω κάποια","Α + β","Θα μπορούσε να υπάρχει μια μικρή έκπτωση ή κουπόνια όταν κάποιος ανακυκλώνει και φροντίζει το waste του, κάδοι κομπόστοποιησης σε κάθε γειτονιά και επιβράβευση με φύτευση δέντρων,παροχές και κίνητρα (φτηνό εισιτήριο, πακέτα και deals)για χρήση λεωφορείων και μέσων μαζικής μεταφοράς ΜΕ ΚΑΛΕΣ ΣΥΝΘΗΚΕΣ +++"
"2020/12/03 3:28:17 PM GMT+2","24+","Καφέ","5+","Όχι","Αυτοκίνητο;Ποδήλατο","0-1 Ώρες","Nαι","Λίγο","Ναι προσπαθώ όσο μπορώ","ΑΠΟΦΥΓΗ ΧΡΗΣΗΣ ΑΥΤΟΚΙΝΗΤΟΥ, ΑΓΟΡΑ ΠΡΟΙΟΝΤΩΝ ΑΠΟ ΤΟΠΙΚΟΥΣ ΠΑΡΑΓΩΓΟΥΣ
","ΝΑΙ, ΓΥΜΝΑΣΤΙΚΗΣ","Οχι και δεν θέλω","ΔΕΝ ΒΡΙΣΚΩ ΤΗ ΧΡΗΣΙΜΟΤΗΤΑ","Παρακολούθηση των ρύπων σας","ΘΕΩΡΩ ΟΤΙ ΜΠΟΡΕΙ ΝΑ ΥΠΑΡΞΕΙ ΜΕΓΑΛΥΤΕΡΟ ΚΙΝΗΤΡΟ ΜΕΣΩ ΤΗς ΕΠΙΒΡΑΒΕΥΣΗΣ ΑΛΛΑ ΔΕ ΓΝΩΡΙΖΩ ΠΟΙΑ ΘΑ ΗΤΑΝ Η ΚΑΛΥΤΕΡΗ"
"2020/12/03 3:30:07 PM GMT+2","18+","Τυρί","4","Όχι","Λεωφορείο","0-1 Ώρες","Οχι","Λίγο","Ναι προσπαθώ όσο μπορώ","Προσπαθώ να επαναχρησιμοποιω πράγματα, να χρησιμοποιώ μέσα μεταφοράς, να μειώσω το φαγητό και να μετατρέψω τη διατροφή μου σε πιο χορτοφαγικη","Χρησιμοποιούσα αλλά πλέον για τους περισσότερους τομείς της ζωής μου αισθάνομαι πως έχω βρει τα σωστά, εσωτερικά κίνητρα... Καμία φορά, νιώθω πως αυτές οι εφαρμογές δρουν αρνητικα στην ψυχοσύνθεση μου καθώς μου δίνουν την αίσθηση πως μετατρέπω την καθημερινότητα μου σε μια μηχανική διαδικασία... Ειδικά, όταν σε παροτρύνουν να καθορίσεις συγκεκριμένες ώρες που θα κάνεις τα πράγματα που θες, έχω την αίσθηση πως δεν σε αφήνουν περιθώρια για αυθορμητη, πηγαία έμπνευση να κάνεις τα πράγματα την κατάλληλη στιγμή, που τα νιώθεις περισσότερο. ","Οχι αλλα θέλω","Μια εφαρμογή, ωστόσο, για το περιβάλλον θα ήταν χρήσιμη για εμενα γτ θεωρώ πως δεν έχω αποκτήσει αρκετές χρήσιμες πληροφορίες για να με κινητοποιησουν... Για εμένα θα ήταν ωφέλιμο να είναι μια πηγή πληροφοριών σχετικά με τις επιπτώσεις καθημερινών συμπεριφορών αλλά και μαζικών συμπεριφορών πχ fast fashion... Θα ήθελα να μου παρέχει προτάσεις για την αντίκατασταση επιβλαβών με φιλικών φιλικών προς το περιβάλλον πραγμάτων... Δεν θα ήθελα προσωπικά να είναι μια εφαρμογή ""βαθμολόγησης"" του πόσο καλά τα πάω, είμαι γενικά κατά της συνεχούς αξιολόγησης και τόσο προσεκτικής ανάλυσης κάθε καθημερινής συμπεριφοράς μας... Θα ήθελα απλώς να μου δίνει πληροφορίες και έμπνευση για το μέλλον.... ","Ειδήσεις σχετικά με το περιβάλλον","Προσωπικά, όπως είπα και παραπάνω, δεν επικροτώ την επιβράβευση... Και αν γίνεται, θα ήθελα να είναι πιο ήπια και να μην συμβαίνει σε καθορισμενες στιγμές(πχ όταν κάποιος συγκεντρώνει 300) πόντους... Πιστευω ότι θα ήταν καλό να δίνεται σπανια σε άτομα που φαίνεται ότι έχουν εσωτερικευσει φιλικές προς το περιβάλλον συμπεριφορές και ίσως περισσοτερο να δίνεται σε χρήστες που φαίνεται να χρησιμοποιούν την εφαρμογή μετά από πολύ καιρό.. Μαλλον δεν έχουν τόσο έντονο εσωτερικό κίνητρο, οπότε ένας βαθμός εξωτερικής ενίσχυσης θα ήταν χρήσιμος! "
"2020/12/03 3:31:27 PM GMT+2","24+","Χοιρινό","3","Ναι","Αυτοκίνητο","0-1 Ώρες","Nαι","Ναι","Όχι αλλα θέλω να προσπαθήσω","Θέλω να μειώσω τους ρύπους","Όχι δεν μου είναι αναγκαίες","Οχι και δεν θέλω","Ρεαλιστική εφαρμογή","Παρακολούθηση των ρύπων σας","Επιδότηση"
"2020/12/03 3:32:22 PM GMT+2","18+","Χοιρινό;Τυρί","3","Όχι","Λεωφορείο","0-1 Ώρες","Nαι","Λίγο","Όχι αλλα θέλω να προσπαθήσω","Προσπαθώ να πηγαίνω περισσότερες φορές με τα πόδια από ένα μέρος στο άλλο όταν μένω στο πατρικό μου σπίτι ","Όχι γιατί έχω από μόνη μου το κίνητρο  να κάνω γυμναστική, να προσέχω την διατροφή μου και να διαβάζω. Έχω κίνητρο να ακολουθώ τους στόχους μου γιατί μέσω της επίτευξης τους εξελίσσομαι ως άνθρωπος. ","Οχι αλλα θέλω","Δεν έχω κατεβάσει μια τέτοια εφαρμογή γιατί δεν το έχω σκεφτεί ποτε να το κάνω. Θα ήταν χρησιμο μια τέτοια εφαρμογή να μπορεί να καταγράφει τις δραστηριότητες μας που συμβάλλουν στην ατμοσφαιρική ρύπανση και να μετράει στο περίπου ποσο διοξείδιο του άνθρακα παράγεται από εμάς (κατά μέσο όρο, σε ποσοστό). Έτσι, θα μπορούσαμε να μειώσουμε κατά πολύ ή να αντικαταστήσουμε τις δραστηριότητες μας με άλλες που είναι πιο φιλικές προς το περιβάλλον.","Την πρόοδο σας σχετικα με τον αν έχετε μειώσει τους ρύπους σας ή οχι κατα την διάρκεια χρήσης της εφαρμογής","Ναι θα ήταν καλό. Μια τέτοια επιβράβευση θα μπορούσε να ήταν να πηγαίνει αυτό το άτομο σε πανευρωπαϊκό συνέδριο σχετικό με την ατμοσφαιρική ρύπανση και να μιλάει σχετικά με τις δράσεις που έχει κάνει και την σημασία που έχει εμείς οι ίδιοι να αναλάβουμε την ευθύνη και να προστατεύουμε το περιβάλλον στο οποιο ζούμε."
"2020/12/03 3:35:17 PM GMT+2","18+","Καφέ","5+","Όχι","Ποδήλατο","0-1 Ώρες","Nαι","Λίγο","Ναι προσπαθώ όσο μπορώ","Ανακυκλωση","Οχι, γυμναζομαι ουτως ή αλλως","Οχι αλλα θέλω","Δεν γνωριζα οτι υπαρχουν.","Την πρόοδο σας σχετικα με τον αν έχετε μειώσει τους ρύπους σας ή οχι κατα την διάρκεια χρήσης της εφαρμογής","Ισως καποιου ειδους κουπονι, αλλα δεν το θεωρω απαραιτητο."
"2020/12/03 3:36:38 PM GMT+2","18+","Τυρί","4","Όχι","Λεωφορείο","1-2 Ώρες","Οχι","Ναι","Μου είναι αδιαφορώ ","Δεν με αφορά ","Ναι","Οχι και δεν θέλω","Δεν με αφορά ","Δεν με ενδιαφέρει ","Ίσως "
"2020/12/03 3:37:28 PM GMT+2","24+","Τυρί","3","Ναι","Αυτοκίνητο","1-2 Ώρες","Nαι","Λίγο","Όχι αλλα θέλω να προσπαθήσω","Χρησιμοποίησα ποδήλατο","Όχι, μπορώ να γυμναστώ μόνος μου!!","Οχι και δεν θέλω","Όχι, δεν θέλω!","Παρακολούθηση των ρύπων σας","Ναι θα ήταν μια καλή λύση... Επιβράβευση μέσο επιδόματος μείωσης ρύπων"
"2020/12/03 3:38:54 PM GMT+2","18+","Καφέ","5+","Όχι","Αυτοκίνητο","0-1 Ώρες","Nαι","Ναι","Ναι προσπαθώ όσο μπορώ","Μεσα συγκοινωνίας","Ναι","Ναι αλλα την διέγραψα","Δεν ασχολούνταν οι σχεδιαστέςαζι της και ειχε μείνει πισω στα γεγονότα ","Ειδήσεις σχετικά με το περιβάλλον","Όχι είναι θέμα παιδείας "
"2020/12/03 3:39:38 PM GMT+2","18+","Τυρί;Καφέ","4;5+","Όχι","Λεωφορείο;Ποδήλατο","1-2 Ώρες","Οχι","Ναι","Όχι αλλα θέλω να προσπαθήσω","Χρησιμοποιώ περισσότερο το ποδήλατο και ελαττώνω τη χρήση απο άλλα μέσα μεταφοράς ","Όχι γιατί παροτρύνομαι χωρίς αυτα","Οχι αλλα θέλω","Όχι γιατί δεν το έχω σκεφτει","Την πρόοδο σας σχετικα με τον αν έχετε μειώσει τους ρύπους σας ή οχι κατα την διάρκεια χρήσης της εφαρμογής","Ναι , θα μπορούσαν να λαμβάνουν δώρα τα οποία συμβάλλουν στην μείωση των ρυπων"
"2020/12/03 3:41:07 PM GMT+2","24+","Τυρί","5+","Φαντάζομαι ότι παράγεται πάρα πολύ διοξείδιο του άνθρακα (δεν μπορώ να υπολογίσω, γιατί δεν ξέρω τον όγκο των μεταφορών και την ρύπανση κάθε μέσου ξεχωριστά).","Αυτοκίνητο","0-1 Ώρες","Αρκετό: τόσο ώστε στο σύνολο να υπερπαράγεται.","Ναι αρκετά","Ναι προσπαθώ όσο μπορώ","Χρησιμοποιώ πολύ τα πόδια για κοντινές αποστάσεις, ενώ φροντίζω όποτε απαιτείται αυτοκίνητο για υποχρεώσεις, ψώνια, κλπ., να τα φροντίζω όλα μαζί μια φορά την ημέρα, για να μην γίνονται άσκοπες κι επιπλέον ρυπογόνες μετακινήσεις.","Εφαρμογές, apps δηλαδή, όχι, γιατί δεν κρίνω πως χρειάζομαι κάποια καθοδήγηση για να πεισθώ να αθληθώ ή να σεβαστώ το περιβάλλον. Μπορώ με δική μου πρωτοβουλία να εκτιμήσω.","Οχι και δεν θέλω","Πιστεύω πως διαθέτω ένα γνωστικό επίπεδο για να ""αυτοπαροτρυνθώ"" και δεν προτιμώ τις εφαρμογές γενικώς, καθώς ορισμένες στηρίζονται οικονομικά στην επιβεβλημένη διαφήμιση.","Την πρόοδο σας σχετικα με τον αν έχετε μειώσει τους ρύπους σας ή οχι κατα την διάρκεια χρήσης της εφαρμογής","Όχι απαραίτητα. Αλλά αυτό ίσως το πιστεύω επειδή σέβομαι αβίαστα το περιβάλλον."
"2020/12/03 3:46:59 PM GMT+2","24+","Κοτόπουλο","5+","Περιπου","Μηχανή","1-2 Ώρες","Nαι","Ναι αρκετά","Ναι προσπαθώ όσο μπορώ","Προσπαθώ να κάνω οικονομία στην ενέργεια γενικότερα.","Όχι, βαριέμαι.","Όχι, δεν το είχα σκεφτεί ποτέ","Να έχει ωραία γραφικά","Παρακολούθηση των ρύπων σας","Φορολογική"
"2020/12/03 3:54:21 PM GMT+2","24+","Χοιρινό;Τυρί;Σοκολάτα","3","Όχι","Αυτοκίνητο;Ποδήλατο","3-4 Ώρες","Οχι","Λίγο","Όχι αλλα θέλω να προσπαθήσω","Οχι","Ναι εφαρμογές σε κινητό ","Οχι και δεν θέλω","Όχι δεν έτυχε ","Την πρόοδο σας σχετικα με τον αν έχετε μειώσει τους ρύπους σας ή οχι κατα την διάρκεια χρήσης της εφαρμογής","Ναι"
"2020/12/03 4:02:10 PM GMT+2","18+","Σοκολάτα;Καφέ;Μακαρόνια ","5+","Όχι","Λεωφορείο;Αυτοκίνητο;Μηχανή","0-1 Ώρες","Οχι","Λίγο","Οχι και δεν θελω να προσπαθησω","Βαριεμαι να ασχοληθώ","Όχι, γιατί είναι ασήμαντο ","Οχι και δεν θέλω","Δεν θέλω να κατεβάσω τέτοια εφαρμογή γιατί βαριέμαι να ασχοληθώ ","Ειδήσεις σχετικά με το περιβάλλον","Ναι, χρηματική αμοιβή"
"2020/12/03 4:04:56 PM GMT+2","24+","Καφέ","5+","Όχι","Αυτοκίνητο","0-1 Ώρες","Οχι","Λίγο","Ναι προσπαθώ όσο μπορώ","Προσπαθώ να μειώσω τη χρήση του αυτοκινήτου","Όχι, δεν έχω βρει κάποια καλή","Οχι αλλα θέλω","Δεν ξέρω κάποια τέτοια εφαρμογή","Την πρόοδο σας σχετικα με τον αν έχετε μειώσει τους ρύπους σας ή οχι κατα την διάρκεια χρήσης της εφαρμογής","Σίγουρα"
"2020/12/03 4:08:03 PM GMT+2","18+","Καφέ","5+","Όχι","Λεωφορείο","0-1 Ώρες","Nαι","Ναι","Ναι προσπαθώ όσο μπορώ","Ανακύκλωση ","Όχι ","Οχι και δεν θέλω","Δεν μου είναι απαραίτητο ","Ειδήσεις σχετικά με το περιβάλλον","Όχι "
"2020/12/03 4:59:43 PM GMT+2","18+","Χοιρινό;Καφέ;Κοτόπουλο","3","Ναι","Ποδήλατο","1-2 Ώρες","Nαι","Ναι","Όχι αλλα θέλω να προσπαθήσω","Καταναλώνω προϊόντα βιομηχανιών που η παραγωγή του είναι ρυπογόνα.
Δεν έχω αυτοκίνητο αλλά θα αποκτήσω σύντομα, όμως σκοπεύω να το χρησιμοποιώ μόνο όταν είναι ανάγκη και μέσα στην πόλη να προτιμώ ακόμα το ποδήλατο.","Ναι , για γυμναστική και για εκμάθηση ξένων γλωσσών.","Οχι αλλα θέλω","Δε γνώριζα ότι υπάρχουν αντίστοιχες εφαρμογές αλλά θα ψάξω. ","Την πρόοδο σας σχετικα με τον αν έχετε μειώσει τους ρύπους σας ή οχι κατα την διάρκεια χρήσης της εφαρμογής","Ναι. Η προστασία του περιβάλλοντος μας ανταμείβει όλους."
"2020/12/03 5:05:20 PM GMT+2","24+","Χοιρινό","3","Ναι","Λεωφορείο","0-1 Ώρες","Nαι","Ναι αρκετά","Όχι αλλα θέλω να προσπαθήσω","Θελω να προσπαθησω ","Ναι γυμναζομαι οταν εχω ορεξη","Οχι αλλα θέλω","Δεν ετυχε","Παρακολούθηση των ρύπων σας","Οχι θα επρεπε να γινεται συνειδητα"
"2020/12/03 5:28:55 PM GMT+2","24+","Καφέ","5+","Όχι","Λεωφορείο","0-1 Ώρες","Οχι","Ναι αρκετά","Όχι αλλα θέλω να προσπαθήσω","Δεν έτυχε να ψάξω το πως ","Ναι για γυμναστική ","Οχι αλλα θέλω","Δεν έτυχε να το ψάξω,να είναι απλή κατανοητή και διαδραστική ","Την πρόοδο σας σχετικα με τον αν έχετε μειώσει τους ρύπους σας ή οχι κατα την διάρκεια χρήσης της εφαρμογής","Ναι θα έπρεπε, μπορεί να γίνει μέσω του δήμου με τη μείωση των δημοτικών τελών "
"2020/12/03 5:41:32 PM GMT+2","18+","Mοσχαρίσιο Κρέας;Χοιρινό;Σοκολάτα","3","Όχι","Λεωφορείο;Αυτοκίνητο","0-1 Ώρες","Περίπου ","Ναι","Ναι προσπαθώ όσο μπορώ","Γενικά προσπαθώ να υιοθετήσω μια οικολογική συμπεριφορά. Για παράδειγμα, προσπαθώ να περπατάω αντί να χρησιμοποιώ κάποιο μμμ.","Δε χρειάστηκε. Θα το έκανα μόνον για πολύ απαραίτητα πράγματα πχ μια ψυχοθεραπεία διαδικτυακή, αλλά σε κάτι διαφορετικό πχ γυμναστική δεν πιστεύω πως έχει αποτέλεσμα.","Δεν γνώριζα πως υπάρχουν, θα μπω να τις δω ","Δε γνώριζα πως υπάρχει. Θα θέλε ίσως να μετράει ποσά μπουκάλια πλαστικά έχω ανακυκλώσει, τι ρύπους παράγω με μια μετακίνηση, κλπ.","Την πρόοδο σας σχετικα με τον αν έχετε μειώσει τους ρύπους σας ή οχι κατα την διάρκεια χρήσης της εφαρμογής","Ίσως κάποιο οικονομικό όφελος για όσους πχ καταναλώνουν πιο λίγο νερό/ρεύμα."
"2020/12/03 6:13:40 PM GMT+2","18+","Τυρί","5+","Ναι","Αυτοκίνητο","0-1 Ώρες","Nαι","Ναι αρκετά","Ναι προσπαθώ όσο μπορώ","Προσπαθω να τρωω λιγότερο κρεας και γάλα, ωστε να μην ενισχυω τις αντιστοιχες βιομηχανίες, οι οποίες ειναι υπεύθυνες για μεγαλο μερος της ρύπανσης του πλανήτη μας. Επισης κανω ανακύκλωση και προσπαθώ οσο μπορώ να μιλαω και σε αλλους για την αναγκη δραστηριοποιησης πανω στο συγκεκριμένο θεμα και στην κλιματική αλλαγή γενικότερα.","Οχι. Κάνω μόνη μου ούτως ή αλλως γυμναστική ","Οχι αλλα θέλω","Δεν το ειχα σκεφτεί ποτέ. Αν υπήρχε τετοια εφαρμογή θα ηθελα να εχει οδηγιες για το πώς μπορω μεσα απο την καθημερινότητά μου να μειωσω τον δικο μουαντίκτυπο στην ρυπανση του πλανητη (πχ ποια ρουχα να αποφεύγω να αγοραζω, ποια απορρυπαντικα ειναι πιο καλα για το περιβάλλον, ποιες συσκευές να χρησιμοποιω λιγότερο, πως να κανω σωστα ανακύκλωση, και πώς να μειωσω το κρεας και τα γαλακτοκομικά με σωστο τρόπο για την υγεια μ, δηλαδη πχ να έχει καποιον οδηγο για υπεύθυνη plant-based διατροφή)","Ολα τα παραπανω + οδηγο για το πως να υιοθετησουμε μια plant-based διατροφη χωρις να θεσουμε σε κινδυνο την υγεια μας","Θα μπορουσρ ισως, ωστε να λειτουργει ως θετικη ενισχυση. Και μονο το ""μπραβο σας , την προηγούμενη βδομαδα μειώσατε τους ρυπους σας πχ τοσο πολυ"" πιστεύω ειναι αρκετό. Θα μπορούσε επισης να λεει και αυτή η μείωση στους ρυπους μας με τι εισοδυναμει πρακτικά (πχ μειώσατε τοσο τους ρυπους σας ώστε εχετε σωσει ως τωρα 4 ζωα και ετσι εχετ σωσει πχ τοσα λιτρα νερο και τοσο μεθανιο(;)    Κατι τέτοιο"
"2020/12/03 6:26:44 PM GMT+2","24+","Mοσχαρίσιο Κρέας","3","Ναι","Αυτοκίνητο","4+ Ώρες","Nαι","Όχι","Οχι και δεν θελω να προσπαθησω","Είναι κυρίως εγωιστικό. Δεν γίνεται τόσες δεκαετίες να άφηνες τις αυτοκινητοβιομηχανίες και τα εργοστάσια να αλωνιζουν και ξαφνικά να θες να επιβάλλεις στον κόσμο να πάει σε πράσινη ενέργεια ","Ναι για συγκέντρωση στο διάβασμα (τεχνική pomodoro )","Οχι και δεν θέλω","Γιατί χρησιμοποιώ το πολύ 5 εφαρμογές. Δεν αντέχω πλέον τον πλουραλισμό στις εφαρμογές. ","Ειδήσεις σχετικά με το περιβάλλον","Μειωμένη φορολογία "
"2020/12/03 6:29:22 PM GMT+2","24+","Καφέ","5+","Όχι","Αυτοκίνητο","0-1 Ώρες","Nαι","Ναι αρκετά","Ναι προσπαθώ όσο μπορώ","Αποφεύγω την χρήση αυτοκινήτου","Όχι δεν χρησιμοποιώ , διότι έχω κίνητρο και αθλούμαι χρόνια","Ναι αλλα την διέγραψα","Ecosia είναι browser με την χρήση του οποίου χρηματοδοτείται δεντροφύτευση. Σταμάτησα να την χρησιμοποιώ διότι ήταν αργό.","Την πρόοδο σας σχετικα με τον αν έχετε μειώσει τους ρύπους σας ή οχι κατα την διάρκεια χρήσης της εφαρμογής","Οχι"
"2020/12/03 6:40:59 PM GMT+2","18+","Καφέ","5+","Όχι","Λεωφορείο","0-1 Ώρες","Nαι","Ναι αρκετά","Ναι προσπαθώ όσο μπορώ","Προσπαθώ να χρησιμοποιώ όσο το δυνατόν λιγότερο το λεωφορείο και γενικότερα τα μέσα μεταφοράς.","Ναι! Κυρίως εφαρμογές για γυμναστική !","Οχι αλλα θέλω","Δε γνώριζα ότι υπάρχουν! Σίγουρα θα ήθελα να περιλαμβάνει πληροφορίες για τις επιπτώσεις των πράξεων μας όσον αφορά το περιβάλλον, ώστε να με παρακινεί να μην τις κάνω!","Την πρόοδο σας σχετικα με τον αν έχετε μειώσει τους ρύπους σας ή οχι κατα την διάρκεια χρήσης της εφαρμογής","Δε νομίζω πως θα πρέπει να υπάρχει επιβράβευση! 
Είναι χρέος όλων μας και πρέπει να το κάνουμε μέρος της καθημερινότητας μας!"
"2020/12/03 6:48:19 PM GMT+2","24+","Καφέ","5+","Όχι","Λεωφορείο","0-1 Ώρες","Nαι","Ναι αρκετά","Ναι προσπαθώ όσο μπορώ","Πάω παντού με τα πόδια","Όχι","Οχι","Θεωρώ πως δεν χρειάζομαι εφαρμογή για να κάνω αυτά που πρέπει να κάνω","","Ίσως να μαζεύει πόντους και κερδιζει κάτι, όπως πχ ποτήρια πολλαπλών χρήσεων κλπ"
"2020/12/03 6:52:02 PM GMT+2","24+","Καφέ","5+","Όχι","Αυτοκίνητο","3-4 Ώρες","Οχι","Ναι αρκετά","Όχι αλλα θέλω να προσπαθήσω","Αβγ","Όχι γιατι δε θα θεωρώ αξιόπιστα ","Οχι αλλα θέλω","Δεν έτυχε να την κατεβάσω. Θα ηθελα να έχει άμεσες μετρήσεις CO2 liveatreaming κάθε πόλης ","Παρακολούθηση των ρύπων σας","Φοροελαφρυνσεις φόρων "
"2020/12/03 6:52:29 PM GMT+2","24+","Καφέ","5+","Ναι;Όχι;άλλο","Μηχανή","0-1 Ώρες","περίπου","Ναι αρκετά","Οχι και δεν θελω να προσπαθησω"," ναι..εχω φυτέψει φακες
","οχι στηρίζομαι στο σεξ","Οχι αλλα θέλω","δεν ειμαι ψαγμενη","ζώδια","παγωτό"
"2020/12/03 6:55:52 PM GMT+2","18+","Mοσχαρίσιο Κρέας;Τυρί","3","Ναι","Ποδήλατο","0-1 Ώρες","?? μηδεν απο ποδηλατο","Ναι","Όχι αλλα θέλω να προσπαθήσω","θεωρω δυσκολο το να επιδεινωθει τοσο αμεσα και εντονα η κατασταση στον πλανητη ωστε να επηρεαστει σημαντικα η υγεια μου, μια τοσο μεγαλη επιδεινωση θα παρει περισσοτερα χρονια απο οσο πιθανον θα ζησω","ναι καταγραφω τις καλες και κακες συνηθειες προσπαθωντας να βελτιωσω την καθημερινη μου ρουτινα","Ναι και την χρησιμοποιώ","Ecosia: εχω την αισθηση οτι βοηθαω χωρις να κανω κατι δυσκολο, απλα καν ο,τι θα εκανα και σε ενα αλλο browser, κακο σα σκεπτικο κατ εμε, ισως κρυβει τον κινδυνο να βολευτεις σε αυτο και να μην κανεις καποια δικια σου προσπαθεια για το περιβαλλον","Την πρόοδο σας σχετικα με τον αν έχετε μειώσει τους ρύπους σας ή οχι κατα την διάρκεια χρήσης της εφαρμογής","ισως ναι για να εχω ενα παραπανω κινητρο, αλλα παλι αυτο σημαινει οτι δεν εχεις αλλαξει ουσιαστικα απλα κυνηγας την επιβραβευση, πρεπει η αλλαγη να ειναι μονιμη και ανεξαρτητη επιβραβευσεων, αλλα αν στοχευουμε καθαρα στη μειωση της βλαβης που ειναι και το επειγον, και οχι στη αλλαγη συνειδησης, σιγουρα θα βοηθουσε η επιβραβευση"
"2020/12/03 6:58:07 PM GMT+2","18+","Καφέ","5+","Όχι","Ποδήλατο","0-1 Ώρες","Nαι","Λίγο","Όχι αλλα θέλω να προσπαθήσω","Δεν έχω προσπαθήσει
","Χρησιμοποιηω, χωρίς ωστόσο ιδιαίτερη συνεοεια","Οχι και δεν θέλω","Δεν έχω προσπαθήσει","Ειδήσεις σχετικά με το περιβάλλον","Η επιβράβευση θα έρθει με την πιθανή μείωση των ρύπων"
"2020/12/03 7:03:18 PM GMT+2","18+","Χοιρινό;Τυρί;Καφέ;Κοτόπουλο","5+","Όχι","Αυτοκίνητο","0-1 Ώρες","Οχι","Λίγο","Όχι αλλα θέλω να προσπαθήσω","Θα κάνω στο μέλλον","Ναι. Κυρίως για διατροφή","Οχι αλλα θέλω","Δεν ενδιαφέρθηκα τόσο","Την πρόοδο σας σχετικα με τον αν έχετε μειώσει τους ρύπους σας ή οχι κατα την διάρκεια χρήσης της εφαρμογής","Ναι, υλική κυρίως έτσι ώστε να υπάρχει μεγάλο κίνητρο για τους ανθρώπους"
"2020/12/03 7:11:32 PM GMT+2","18+","Ζυμαρικά","4","Όχι","Ποδήλατο","0-1 Ώρες","Οχι","Ναι","Όχι αλλα θέλω να προσπαθήσω","Είπα οχι","Οχι βαριέμαι","Οχι αλλα θέλω","Δεν ετυχε","Την πρόοδο σας σχετικα με τον αν έχετε μειώσει τους ρύπους σας ή οχι κατα την διάρκεια χρήσης της εφαρμογής","Οχι είναι υποχρέωση όλων μας"
"2020/12/03 7:12:12 PM GMT+2","18+","Καφέ","5+","Ναι","Αυτοκίνητο","0-1 Ώρες","Nαι","Ναι αρκετά","Ναι προσπαθώ όσο μπορώ","Ανακυκλωνω και μειωνω το αντικτυπο μου στο πλανητη","Ναι γιογκα","Οχι αλλα θέλω","Πραγματικες μετρησεις των ρυπων μου","Την πρόοδο σας σχετικα με τον αν έχετε μειώσει τους ρύπους σας ή οχι κατα την διάρκεια χρήσης της εφαρμογής","Οχι"
"2020/12/03 7:43:37 PM GMT+2","24+","Τυρί;Σοκολάτα;Καφέ","5+","Όχι","Αυτοκίνητο","0-1 Ώρες","Οχι","Ναι αρκετά","Ναι αλλα τα παράτησα","Για αρκετο χρονικο διαστημα πηγαινα στη δουλεια και τις καθημερινες μου υποχρεωσεις και ασχολιες με τα ποδια κυριως, ενω δεν ηταν λιγες οι φορες που προτιμησα το ποδηλατο.","Οχι ","Οχι αλλα θέλω","Δεν εχω κατεβασει καποια, διοτι εως τωρα δε γνωριζα την υπαρξη τους. ","Την πρόοδο σας σχετικα με τον αν έχετε μειώσει τους ρύπους σας ή οχι κατα την διάρκεια χρήσης της εφαρμογής","Θεωρω οτι θα πρεπει ολοι να δρουμε προς ωφελος του περιβαλλοντος που ζουμε. Ως επιβραβευση θα πρεπει να θεωρειται η ιδια η μειωση των ρυπων. "
"2020/12/03 7:46:49 PM GMT+2","24+","Καφέ","5+","Όχι","Αυτοκίνητο","0-1 Ώρες","Nαι","Ναι αρκετά","Ναι προσπαθώ όσο μπορώ","Έβαλα ηλιακό θερμοσίφωνα στο σπίτι μου για τη χρήση ζεστού νερού ","Έχω πάρει ""έξυπνη"" ζυγαριά που αναλύει την σύσταση του σώματος με σκοπό να φτάσω στο επιθυμητό ποσοστό λίπους κι μυών μέσω γυμναστικής και διατροφής ","Οχι αλλα θέλω","Θα ήθελα να έχει εβδομαδιαία challenges για ένα πιο eco τρόπο ζωής ","Την πρόοδο σας σχετικα με τον αν έχετε μειώσει τους ρύπους σας ή οχι κατα την διάρκεια χρήσης της εφαρμογής","Όχι δεν με απασχολεί "
"2020/12/03 8:17:11 PM GMT+2","24+","Τυρί","5+","Όχι","Αυτοκίνητο","0-1 Ώρες","Οχι","Όχι","Όχι αλλα θέλω να προσπαθήσω","Δεν με είχε προβληματίσει ιδιαίτερα το συγκεκριμένο ζήτημα αλλά μετά το παρόν ερωτηματολόγιο θα ήθελα να προσπαθήσω.","Έχει τύχει να χρησιμοποιήσω εφαρμογή αυτοβελτιωσης για την διακοπή καπνίσματος.","Οχι και δεν θέλω","Ειδήσεις σχετικά με το περιβάλλον και τρόπους/κίνητρα για την μείωση των ρύπων. ","Ειδήσεις σχετικά με το περιβάλλον","Ίσως δωρεάν εισιτήρια για ΜΜΜ."
"2020/12/03 8:23:40 PM GMT+2","18+","Καφέ","5+","Όχι","Αυτοκίνητο","0-1 Ώρες","Nαι","Ναι αρκετά","Όχι αλλα θέλω να προσπαθήσω","Θέλω να προσπαθήσω αλλά δεν έχει τύχει να ακούσω για κάποιο τρόπο","Ναι βίντεο στο YouTube κυρίως ψυχικής υγείας","Οχι αλλα θέλω","Δεν ξέρω ποια να κατεβάσω","Την πρόοδο σας σχετικα με τον αν έχετε μειώσει τους ρύπους σας ή οχι κατα την διάρκεια χρήσης της εφαρμογής","Ναι κυρίως ηθική ή κάποια κουπόνια για ευρεία ενθάρρυνση"
"2020/12/03 8:29:37 PM GMT+2","18+","Τυρί","2","Ναι","Αυτοκίνητο","1-2 Ώρες","Nαι","Λίγο","Όχι αλλα θέλω να προσπαθήσω","Δεν ετυχε.","Δεν ετυχε.","Οχι αλλα θέλω","Δεν ετυχε.","Ειδήσεις σχετικά με το περιβάλλον","Ναι θα επρεπε"
"2020/12/03 9:02:26 PM GMT+2","24+","Mοσχαρίσιο Κρέας","3","Όχι","Αυτοκίνητο","4+ Ώρες","Nαι","Λίγο","Ναι αλλα τα παράτησα","Μείωση χρήσης ","γυμναστήριο και περπάτημα ","Οχι αλλα θέλω","Να είναι χρήσιμη ","Την πρόοδο σας σχετικα με τον αν έχετε μειώσει τους ρύπους σας ή οχι κατα την διάρκεια χρήσης της εφαρμογής","Όχι είναι υποχρέωση όλων "
"2020/12/03 9:02:34 PM GMT+2","24+","Καφέ","5+","Όχι","Αυτοκίνητο","0-1 Ώρες","Οχι","Ναι","Όχι αλλα θέλω να προσπαθήσω"," "," ","Οχι αλλα θέλω"," ","Την πρόοδο σας σχετικα με τον αν έχετε μειώσει τους ρύπους σας ή οχι κατα την διάρκεια χρήσης της εφαρμογής","Όχι "
"2020/12/03 9:22:22 PM GMT+2","24+","Καφέ","5+","Όχι","Λεωφορείο","0-1 Ώρες","Οχι","Λίγο","Ναι προσπαθώ όσο μπορώ","Χρησιμοποιώ μμμ, όσο γίνεται κάνω λιγότερη χρήση πλαστικού","Οχι δεν έχω κάποια τέτοια εφαρμογή, προσπαθώ να παρότρυνω τον εαυτό μου εγώ και οι γύρω μου ","Οχι και δεν θέλω","Δεν έχω κατεβάσει, νιώθω πως δεν την χρειάστηκα ακόμα. Νομίζω πως παροτρυνοναι από την προσωπική μου ευαισθητοποιηση για το περιβάλλον. ","Την πρόοδο σας σχετικα με τον αν έχετε μειώσει τους ρύπους σας ή οχι κατα την διάρκεια χρήσης της εφαρμογής","Θα ήταν καλό ναι. Μια επιβράβευσή σου δίνει μεγαλύτερο κίνητρο. Ίσως θα μπορούσαν να μαζεύονται κάποιοι ""πόντοι"" επίτευξης στόχων με τους οποίους ίσως έχω πρόσβαση σε περισσότερες πληροφορίες στην εφαρμογή (που πριν δεν είχα) κάποιο βίντεο.. "
"2020/12/03 9:23:50 PM GMT+2","24+","Καφέ","5+","Όχι","Λεωφορείο","0-1 Ώρες","Οχι","Λίγο","Ναι προσπαθώ όσο μπορώ","Χρησιμοποιώ μμμ, όσο γίνεται κάνω λιγότερη χρήση πλαστικού","Οχι δεν έχω κάποια τέτοια εφαρμογή, προσπαθώ να παρότρυνω τον εαυτό μου εγώ και οι γύρω μου ","Οχι και δεν θέλω","Δεν έχω κατεβάσει, νιώθω πως δεν την χρειάστηκα ακόμα. Νομίζω πως παροτρυνοναι από την προσωπική μου ευαισθητοποιηση για το περιβάλλον. ","Την πρόοδο σας σχετικα με τον αν έχετε μειώσει τους ρύπους σας ή οχι κατα την διάρκεια χρήσης της εφαρμογής","Θα ήταν καλό ναι. Μια επιβράβευσή σου δίνει μεγαλύτερο κίνητρο. Ίσως θα μπορούσαν να μαζεύονται κάποιοι ""πόντοι"" επίτευξης στόχων με τους οποίους ίσως έχω πρόσβαση σε περισσότερες πληροφορίες στην εφαρμογή (που πριν δεν είχα) κάποιο βίντεο.. "
"2020/12/03 9:35:01 PM GMT+2","24+","Καφέ","5+","Όχι","Ποδήλατο","1-2 Ώρες","Οχι","Ναι αρκετά","Όχι αλλα θέλω να προσπαθήσω","Όχι αλλά θα ηθελα","Γυμνάζομαι καθημερινά ","Οχι αλλα θέλω","Όχι αλλά θα ήθελα ","Την πρόοδο σας σχετικα με τον αν έχετε μειώσει τους ρύπους σας ή οχι κατα την διάρκεια χρήσης της εφαρμογής","Ναι..:50 % έκπτωση στα  sephora"
"2020/12/03 9:35:35 PM GMT+2","24+","Τυρί;Καφέ","5+","Όχι","Λεωφορείο","4+ Ώρες","Nαι","Ναι","Ναι αλλα τα παράτησα","Χρήση λεωφορείου, χρήση ανακυκλώσιμα υλικά όπως χαρτί αντί για πλαστική συσκευασία τυριού κλπ ","Ναι. πχ γυμναστική, novoville κλπ","Ναι και την χρησιμοποιώ","Ενθαρρυντική και εξυπηρετική για τους σκοπούς της","Παρακολούθηση των ρύπων σας","Ναι, ίσως να κερδίζει ανακυκλώσιμα υλικά, εικονικά βραβεία, κάρτα απεριορίστων διαδρομών μετρό"
"2020/12/03 10:16:17 PM GMT+2","24+","Τυρί","5+","Ναι","Αυτοκίνητο","0-1 Ώρες","Οχι","Ναι","Όχι αλλα θέλω να προσπαθήσω","Με ενδιαφέρει το μέλλον του πλανήτη","Όχι, δεν έχω αισθανθεί την ανάγκη","Οχι και δεν θέλω","Γιατί προτιμώ να πάρω την πρωτοβουλία να ψάξω στο ίντερνετ μόνη μου και να μάθω. Θα έπρεπε να έχει κάτι πολύ καινοτόμο που να μου κεντρίσει το ενδιαφέρον για να κατεβάσω κάτι τέτοιο.","Ειδήσεις σχετικά με το περιβάλλον","Όχι. Αρκεί η συνειδησιακή."
"2020/12/03 11:20:59 PM GMT+2","24+","Τυρί","5+","Ναι","Αυτοκίνητο","0-1 Ώρες","Nαι","Ναι αρκετά","Ναι προσπαθώ όσο μπορώ","Δεν παιρνω το αυτοκινητο μου σε μικρες αποστασεις,δεν παραγγελνω ντελιβερι , αγοραζω σεκοντ χαντ ρουχα, δεν τρωω κρεας χρησιμοποιω καθε ειδους επαναχρησιμοποιουμενο αντικείμενο  κτλ","Ναι εχω εφαρμογη για να μου θυμίζει να πινω νερο αλλα ειναι εκνευριστικη","Ναι αλλα την διέγραψα","Δεν ηταν λεοτουργικη υπαρχουν παρα πολλοι παραμετροι που κατα τη γνωμη μου ειναι δυσκολο να χωρεσουν σε μια εφαρμογη για να εξαγουν το σωστο αποτελεσμα","Παρακολούθηση των ρύπων σας","Κουπονια εκπτωσεις απο eco friendly καταστήματα "
"2020/12/03 11:29:22 PM GMT+2","18+","Χοιρινό;Τυρί;Σοκολάτα;Καφέ","5+","Όχι","Ποδήλατο","1-2 Ώρες","δεν παραγει το ποδηλατο CO2 αλλα δεν εχει νοημα","Ναι","Ναι αλλα τα παράτησα","χρησιμοποιω ποδηλατο, κανω ανακυκλωση κτλ","οχι","Οχι και δεν θέλω","Οχι γιατι το μεγαλυτερο μερος των ρυπων προερχεται απο τα πλοια... συγκεκριμενα τα 8 μεγαλυτερα πλοια στον κοσμο παραγουν μεγαλυτερη ποσοτητα CO2 απο οτι ΟΛΑ τα αυτοκινητα της Ευρωπης, αρα αλλου πρεπει να εστιασετε αν θελετε να κανετε το περιβαλλον καλυτερο, απο την αλλη αν απλα θελετε να βγαλετε εφαρμογη για να βγαλετε λεφτα πολυ καλα κανετε :)","","οχι"
"2020/12/03 11:46:56 PM GMT+2","18+","Καφέ","5+","Όχι","Λεωφορείο","0-1 Ώρες","Στο περίπου","Ναι αρκετά","Ναι προσπαθώ όσο μπορώ","Περπατάω ή χρησιμοποιώ τα μέσα μεταφοράς","Ναι εφαρμογές στο κινητό","Ναι αλλα την διέγραψα;Επίσης χρησιμοποιώ το Ecosia στον υπολογιστή μου","Στο Ecosia μου αρέσει που η κάθε αναζήτησή μου στο ίντερνετ βοηθάει στο να φυτευτούν δέντρα.","Την πρόοδο σας σχετικα με τον αν έχετε μειώσει τους ρύπους σας ή οχι κατα την διάρκεια χρήσης της εφαρμογής","Μόνο που κάνουμε κάτι καλό για το περιβάλλον αυτό είναι μια επιβράβευση."
"2020/12/04 12:22:37 AM GMT+2","18+","Σοκολάτα","2","Όχι","Αυτοκίνητο","0-1 Ώρες","Οχι","Ναι","Όχι αλλα θέλω να προσπαθήσω","Δεν ξερω πώς ","Οχι δν τις θεωρω απαραίτητες ","Όχι ","Δεν το εχω σκεφτεί ","Την πρόοδο σας σχετικα με τον αν έχετε μειώσει τους ρύπους σας ή οχι κατα την διάρκεια χρήσης της εφαρμογής","Οχι"
"2020/12/04 10:26:33 AM GMT+2","18+","Χοιρινό","3","Ναι","Αυτοκίνητο","3-4 Ώρες","Nαι","Ναι","Ναι προσπαθώ όσο μπορώ","Κτηνοτροφία βιολογικής εκτροφής και ελεύθερης βόσκησης με αρκετά χαμηλό αποτύπωμα άνθρακα. 
Χρησιμοποιώ το αυτοκίνητο μόνο για θέματα εργασίας όπου και απαιτείται. (Βρίσκομαι στην επαρχία-έλλειψη συγκοινωνίας)","Όχι, δεν μου έχει χρειαστεί ως τώρα. ","Οχι αλλα θέλω","Θα χρησιμοποιούσα μια εφαρμογή που να σχετίζεται και με την δουλειά μου. Ίσως κάποιος υπολογισμός ρύπων από την μονάδα μου ή κάτι αντίστοιχο. ","Παρακολούθηση των ρύπων σας","Δεν νομίζω ότι χρειάζεται επιβράβευση «υλική». Όλοι θα έπρεπε να συμβάλουμε, πρόκειται για το κοινό μας όφελος. Ίσως κάποια είδους επιβράβευση όπως δημοσιοποίηση των κινήσεων και δράσεων (ένα είδος «διαφημισης» αν θέλετε). Ίσως και κάποιο «πιστοποιητικό». "
"2020/12/04 11:13:04 AM GMT+2","24+","Καφέ","5+","Όχι","Αυτοκίνητο","0-1 Ώρες","Nαι","Ναι","Ναι προσπαθώ όσο μπορώ","Μείωση κατανάλωσης κρέατος.
Ανακύκλωση 
Ελάχιστη κίνηση με αυτοκίνητο ","Όχι, δεν είδα αποτέλεσμα.","Οχι αλλα θέλω","Δε γνώριζα την ύπαρξη τους.","Την πρόοδο σας σχετικα με τον αν έχετε μειώσει τους ρύπους σας ή οχι κατα την διάρκεια χρήσης της εφαρμογής","Όχι."
"2020/12/04 12:10:52 PM GMT+2","24+","Mοσχαρίσιο Κρέας;Χοιρινό;Τυρί;Καφέ","2","Όχι","Λεωφορείο;Αυτοκίνητο;Ποδήλατο","3-4 Ώρες","Οχι","Ναι αρκετά","Ναι προσπαθώ όσο μπορώ","Ανακύκλωση","Όχι","Οχι αλλα θέλω","Δεν έχω βρει κάποια αξιόπιστη","Παρακολούθηση των ρύπων σας","Ναι"
"2020/12/04 12:30:02 PM GMT+2","24+","Mοσχαρίσιο Κρέας;Τυρί","5+","Όχι","Αυτοκίνητο","3-4 Ώρες","Οχι","Λίγο","Όχι αλλα θέλω να προσπαθήσω"," "," ","Οχι αλλα θέλω"," ","Την πρόοδο σας σχετικα με τον αν έχετε μειώσει τους ρύπους σας ή οχι κατα την διάρκεια χρήσης της εφαρμογής"," "
"2020/12/04 1:11:17 PM GMT+2","24+","Τυρί","5+","Ναι","Ποδήλατο","0-1 Ώρες","Nαι","Λίγο","Ναι προσπαθώ όσο μπορώ","Αποφεύγω να χρησιμοποιώ μέσα μεταφοράς που παράγουν CO2 και έχω μειώσει την κατανάλωση κρέατος.","Όχι, δεν μου έχει χρειαστεί.","Οχι και δεν θέλω","Δεν έχω κατεβάσει γιατί βρίσκω τις πληροφορίες που θέλω στο ίντερνετ.","Την πρόοδο σας σχετικα με τον αν έχετε μειώσει τους ρύπους σας ή οχι κατα την διάρκεια χρήσης της εφαρμογής","Όχι"
"2020/12/04 2:36:32 PM GMT+2","18+","Χοιρινό","4","Όχι","Μηχανή","1-2 Ώρες","Οχι","Ναι","Ναι προσπαθώ όσο μπορώ","Δεν σπαταλώ άσκοπα ηλεκτρική ενέργεια πχ (αφήνω φώτα ανοιχτά) 
Προσπαθώ να αγοράζω οικολογικά προϊόντα. ","Ναι, εφαρμογή υπενθύμισης για να πίνω νερό, εφαρμογή  καταγραφής επιδόσεων κατά την γυμναστική. ","Οχι αλλα θέλω","Γιατί δεν έχω εντοπίσει κάποια ενδιαφέρον εφαρμογή ακόμα. Θα ήθελα να γράφει πόσο co2 η αλλά επιβλαβή αέρια απελευθερωνονται κατά την παραγωγή προϊόντων που χρησιμοποιούμε και καταναλώνουμαι καθημερινά. ","Όλα τα παραπάνω εκτός το τελευταίο ","Οχι, γιατί είναι καθήκον όλων μας να προστατεύσουμε το περιβάλλον για τις επόμενες γενιές. "
"2020/12/04 3:56:24 PM GMT+2","18+","Καφέ","5+","Όχι","Ποδήλατο","0-1 Ώρες","Οχι","Ναι αρκετά","Ναι προσπαθώ όσο μπορώ","Μετακινούμε με τα πόδια και προσπαθώ να μην χρησιμοποιώ πλαστικό.","Ναι έχω ειδικό ρολόι. ","Οχι αλλα θέλω","Δεν ήξερα ότι υπήρχαν ","Παρακολούθηση των ρύπων σας","Ναι σίγουρα "
"2020/12/04 4:56:46 PM GMT+2","24+","Καφέ","5+","Όχι","Λεωφορείο","0-1 Ώρες","Οχι","Ναι","Όχι αλλα θέλω να προσπαθήσω",". ","Διαφορά Βιβλία του συγκεκριμένου αντικείμενου. ","Οχι αλλα θέλω","Να ξέρω ότι τα στοιχεία είναι όλα ακριβή και αληθή. ","Ειδήσεις σχετικά με το περιβάλλον","Ισως χρηματική η κάποιο είδος βράβευσης σε αντίστοιχη τελετή που θα προωθούσαι και το όλο θέμα. "
"2020/12/04 7:05:16 PM GMT+2","24+","Τυρί","5+","Όχι","Αυτοκίνητο","0-1 Ώρες","Οχι","Λίγο","Όχι αλλα θέλω να προσπαθήσω","Θα προσπαθούσα μέσα από μια συλλογική προσπάθεια","Όχι, δεν μου παρέχουν κατι","Οχι αλλα θέλω","Δεν έχω ασχοληθεί με την αναζήτηση μιας τέτοιας εφαρμογής. Θα ήθελα να εμφανίζει στον χρήστη άμεσα τον θετικό αντίκτυπο κάθε ενέργειας του, που είναι φιλική προς το περιβάλλον","Την πρόοδο σας σχετικα με τον αν έχετε μειώσει τους ρύπους σας ή οχι κατα την διάρκεια χρήσης της εφαρμογής","Κάποια αναβάθμιση του προφίλ του χρήστη"
"2020/12/04 7:16:26 PM GMT+2","<18","Μπάμιες, αλλά όχι σαν αυτή του άνδρα μου","4","Δεν θα ναι κάνα κατοσταρι κιλα","Μηχανή","4+ Ώρες","Εδώ κάνα πενηντάρι, σαν τα ταουμειτ","Δεν βγαίνω από το σπίτι από τον φόβο μου. Βέβαια, για αυτό μπορεί να φταίει ο Κουλης","Προσπαθώ να αναπνέω όσο τον δυνατόν λιγότερο","Λιγότερη αναπνοή = λιγότερη κατανάλωση οξυγόνου και λιγότερη παραγωγή διοξειδίου του άνθρακα","Διαβάζω το makeleio","Ναι αλλα την διέγραψα;Ναι τη σοιχαμαν, τόσα φρουτάκια έχω παραξει","Μου τρωγε κάνα χιλιαρι το μήνα","Να κούκλες να κάνουμε αντ","100 free spins στη σοιχαμαν"
"2020/12/04 8:20:58 PM GMT+2","24+","Καφέ","5+","Όχι","Λεωφορείο","0-1 Ώρες","Nαι","Ναι","Ναι προσπαθώ όσο μπορώ","Να χρησιμοποιώ εναλλακτικές μεταφορας","Ναι χρησιμοποιώ εφαρμογές  αυτοβελτιωσης για μια πιο ισορροπημένη ζωή δε διάφορους τομείς όπως διατροφή γυμναστικη ψυχολογία ","Οχι αλλα θέλω","Δεν είχα ιδέα ότι υπήρχαν ","Παρακολούθηση των ρύπων σας","Όχι όλοι οφείλουν να το κάνουν "
"2020/12/04 8:23:19 PM GMT+2","24+","Καφέ","5+","Όχι","Λεωφορείο","0-1 Ώρες","Οχι","Ναι","Όχι αλλα θέλω να προσπαθήσω","Άγνοια με τον τρόπο μείωσης των ρύπων","Ναι, γυμναστική, μαγειρική ","Οχι αλλα θέλω","Γιατί δεν ήξερα ότι υπάρχουν αντίστοιχες εφαρμογές","Ειδήσεις σχετικά με το περιβάλλον","Ναι, μείωση κάποιου φόρου "
"2020/12/04 8:23:57 PM GMT+2","24+","Καφέ","5+","Όχι","Λεωφορείο","0-1 Ώρες","Nαι","Λίγο","Όχι αλλα θέλω να προσπαθήσω","Δεν το έψαξα ποτέ. Δεν μου δόθηκε ποτέ η ευκαιρία. Δεν χρησιμοποιώ τα μέσα πολλές φορές. ","Ναι. Κυρίως για να πινω νερό και διατροφής ","Οχι αλλα θέλω","Δεν εχω δει τέτοια εφαρμογή ίσως δεν το έχω ψάξει. δεν καταλαβαίνω πως θα μας βοηθούσε. Ή πως θα μας συμβουλευε να κανουμε για να βοηθήσουμε το περιβάλλον ","Να μας προτρέπει να κανουμε πράξεις για να βοηθηθούμε ","Ναι γιατί αυτό έχουν ανάγκη οι περισσότεροι άνθρωποι οποτε θα τραβούσε πιο πολύ τους πολίτες. Να ανεβαίνουν κατηγορία σε κάτι, να τους δίνει περισσότερες ""ευθύνες "". "
"2020/12/05 3:27:11 AM GMT+2","30+","Mοσχαρίσιο Κρέας;Καφέ","2","Όχι","Αυτοκίνητο","0-1 Ώρες","Nαι","Λίγο","Όχι αλλα θέλω να προσπαθήσω","Όχι άλλα θέλω να προσπαθήσω","Όχι δεν έτυχε","Οχι αλλα θέλω","Όχι δεν έτυχε","Την πρόοδο σας σχετικα με τον αν έχετε μειώσει τους ρύπους σας ή οχι κατα την διάρκεια χρήσης της εφαρμογής","Όχι, γιατί είναι υποχρέωση όλων"
"2020/12/06 6:57:15 PM GMT+2","24+","Καφέ","5+","Όχι","Λεωφορείο","1-2 Ώρες","Nαι","Όχι","Ναι αλλα τα παράτησα","Μετακίνηση με ΜΜΜ ή πόδια + κατανάλωση εγχώριων προϊόντων + οικονομία στην ενεργειακή κατανάλωση της οικίας","ΟΧΙ δεν είναι απαραίτητο","Ναι αλλα την διέγραψα","Δεν σου προσφέρει τίποτα πέραν κοινής λογικής","Ειδήσεις σχετικά με το περιβάλλον","όχι το αντίκτυπο των ατομικών ρύπων είναι πολύ μικρό μπροστά στο γενικότερο πρόβλημα "